"资源ID","路径","类型","宽","高","用途","状态"
"portrait.1.1","assets/characters/portraits/hero_1_01.svg","image","360","480","人物卡面；替换为 3:4 正式立绘","占位"
"avatar.1.1","assets/characters/avatars/hero_1_01.svg","image","128","128","人物头像；方形安全区","占位"
"portrait.1.2","assets/characters/portraits/hero_1_02.svg","image","360","480","人物卡面；替换为 3:4 正式立绘","占位"
"avatar.1.2","assets/characters/avatars/hero_1_02.svg","image","128","128","人物头像；方形安全区","占位"
"portrait.1.3","assets/characters/portraits/hero_1_03.svg","image","360","480","人物卡面；替换为 3:4 正式立绘","占位"
"avatar.1.3","assets/characters/avatars/hero_1_03.svg","image","128","128","人物头像；方形安全区","占位"
"portrait.1.4","assets/characters/portraits/hero_1_04.svg","image","360","480","人物卡面；替换为 3:4 正式立绘","占位"
"avatar.1.4","assets/characters/avatars/hero_1_04.svg","image","128","128","人物头像；方形安全区","占位"
"portrait.1.5","assets/characters/portraits/hero_1_05.svg","image","360","480","人物卡面；替换为 3:4 正式立绘","占位"
"avatar.1.5","assets/characters/avatars/hero_1_05.svg","image","128","128","人物头像；方形安全区","占位"
"portrait.1.6","assets/characters/portraits/hero_1_06.svg","image","360","480","人物卡面；替换为 3:4 正式立绘","占位"
"avatar.1.6","assets/characters/avatars/hero_1_06.svg","image","128","128","人物头像；方形安全区","占位"
"portrait.1.7","assets/characters/portraits/hero_1_07.svg","image","360","480","人物卡面；替换为 3:4 正式立绘","占位"
"avatar.1.7","assets/characters/avatars/hero_1_07.svg","image","128","128","人物头像；方形安全区","占位"
"portrait.1.8","assets/characters/portraits/hero_1_08.svg","image","360","480","人物卡面；替换为 3:4 正式立绘","占位"
"avatar.1.8","assets/characters/avatars/hero_1_08.svg","image","128","128","人物头像；方形安全区","占位"
"portrait.1.9","assets/characters/portraits/hero_1_09.svg","image","360","480","人物卡面；替换为 3:4 正式立绘","占位"
"avatar.1.9","assets/characters/avatars/hero_1_09.svg","image","128","128","人物头像；方形安全区","占位"
"portrait.1.10","assets/characters/portraits/hero_1_10.svg","image","360","480","人物卡面；替换为 3:4 正式立绘","占位"
"avatar.1.10","assets/characters/avatars/hero_1_10.svg","image","128","128","人物头像；方形安全区","占位"
"portrait.1.11","assets/characters/portraits/hero_1_11.svg","image","360","480","人物卡面；替换为 3:4 正式立绘","占位"
"avatar.1.11","assets/characters/avatars/hero_1_11.svg","image","128","128","人物头像；方形安全区","占位"
"portrait.1.12","assets/characters/portraits/hero_1_12.svg","image","360","480","人物卡面；替换为 3:4 正式立绘","占位"
"avatar.1.12","assets/characters/avatars/hero_1_12.svg","image","128","128","人物头像；方形安全区","占位"
"portrait.1.13","assets/characters/portraits/hero_1_13.svg","image","360","480","人物卡面；替换为 3:4 正式立绘","占位"
"avatar.1.13","assets/characters/avatars/hero_1_13.svg","image","128","128","人物头像；方形安全区","占位"
"portrait.1.14","assets/characters/portraits/hero_1_14.svg","image","360","480","人物卡面；替换为 3:4 正式立绘","占位"
"avatar.1.14","assets/characters/avatars/hero_1_14.svg","image","128","128","人物头像；方形安全区","占位"
"portrait.1.15","assets/characters/portraits/hero_1_15.svg","image","360","480","人物卡面；替换为 3:4 正式立绘","占位"
"avatar.1.15","assets/characters/avatars/hero_1_15.svg","image","128","128","人物头像；方形安全区","占位"
"portrait.1.16","assets/characters/portraits/hero_1_16.svg","image","360","480","人物卡面；替换为 3:4 正式立绘","占位"
"avatar.1.16","assets/characters/avatars/hero_1_16.svg","image","128","128","人物头像；方形安全区","占位"
"portrait.1.17","assets/characters/portraits/hero_1_17.svg","image","360","480","人物卡面；替换为 3:4 正式立绘","占位"
"avatar.1.17","assets/characters/avatars/hero_1_17.svg","image","128","128","人物头像；方形安全区","占位"
"portrait.1.18","assets/characters/portraits/hero_1_18.svg","image","360","480","人物卡面；替换为 3:4 正式立绘","占位"
"avatar.1.18","assets/characters/avatars/hero_1_18.svg","image","128","128","人物头像；方形安全区","占位"
"portrait.1.19","assets/characters/portraits/hero_1_19.svg","image","360","480","人物卡面；替换为 3:4 正式立绘","占位"
"avatar.1.19","assets/characters/avatars/hero_1_19.svg","image","128","128","人物头像；方形安全区","占位"
"portrait.1.20","assets/characters/portraits/hero_1_20.svg","image","360","480","人物卡面；替换为 3:4 正式立绘","占位"
"avatar.1.20","assets/characters/avatars/hero_1_20.svg","image","128","128","人物头像；方形安全区","占位"
"portrait.1.21","assets/characters/portraits/hero_1_21.svg","image","360","480","人物卡面；替换为 3:4 正式立绘","占位"
"avatar.1.21","assets/characters/avatars/hero_1_21.svg","image","128","128","人物头像；方形安全区","占位"
"portrait.1.22","assets/characters/portraits/hero_1_22.svg","image","360","480","人物卡面；替换为 3:4 正式立绘","占位"
"avatar.1.22","assets/characters/avatars/hero_1_22.svg","image","128","128","人物头像；方形安全区","占位"
"portrait.1.23","assets/characters/portraits/hero_1_23.svg","image","360","480","人物卡面；替换为 3:4 正式立绘","占位"
"avatar.1.23","assets/characters/avatars/hero_1_23.svg","image","128","128","人物头像；方形安全区","占位"
"portrait.1.24","assets/characters/portraits/hero_1_24.svg","image","360","480","人物卡面；替换为 3:4 正式立绘","占位"
"avatar.1.24","assets/characters/avatars/hero_1_24.svg","image","128","128","人物头像；方形安全区","占位"
"portrait.2.1","assets/characters/portraits/hero_2_01.svg","image","360","480","人物卡面；替换为 3:4 正式立绘","占位"
"avatar.2.1","assets/characters/avatars/hero_2_01.svg","image","128","128","人物头像；方形安全区","占位"
"portrait.2.2","assets/characters/portraits/hero_2_02.svg","image","360","480","人物卡面；替换为 3:4 正式立绘","占位"
"avatar.2.2","assets/characters/avatars/hero_2_02.svg","image","128","128","人物头像；方形安全区","占位"
"portrait.2.3","assets/characters/portraits/hero_2_03.svg","image","360","480","人物卡面；替换为 3:4 正式立绘","占位"
"avatar.2.3","assets/characters/avatars/hero_2_03.svg","image","128","128","人物头像；方形安全区","占位"
"portrait.2.4","assets/characters/portraits/hero_2_04.svg","image","360","480","人物卡面；替换为 3:4 正式立绘","占位"
"avatar.2.4","assets/characters/avatars/hero_2_04.svg","image","128","128","人物头像；方形安全区","占位"
"portrait.2.5","assets/characters/portraits/hero_2_05.svg","image","360","480","人物卡面；替换为 3:4 正式立绘","占位"
"avatar.2.5","assets/characters/avatars/hero_2_05.svg","image","128","128","人物头像；方形安全区","占位"
"portrait.2.6","assets/characters/portraits/hero_2_06.svg","image","360","480","人物卡面；替换为 3:4 正式立绘","占位"
"avatar.2.6","assets/characters/avatars/hero_2_06.svg","image","128","128","人物头像；方形安全区","占位"
"portrait.2.7","assets/characters/portraits/hero_2_07.svg","image","360","480","人物卡面；替换为 3:4 正式立绘","占位"
"avatar.2.7","assets/characters/avatars/hero_2_07.svg","image","128","128","人物头像；方形安全区","占位"
"portrait.2.8","assets/characters/portraits/hero_2_08.svg","image","360","480","人物卡面；替换为 3:4 正式立绘","占位"
"avatar.2.8","assets/characters/avatars/hero_2_08.svg","image","128","128","人物头像；方形安全区","占位"
"portrait.2.9","assets/characters/portraits/hero_2_09.svg","image","360","480","人物卡面；替换为 3:4 正式立绘","占位"
"avatar.2.9","assets/characters/avatars/hero_2_09.svg","image","128","128","人物头像；方形安全区","占位"
"portrait.2.10","assets/characters/portraits/hero_2_10.svg","image","360","480","人物卡面；替换为 3:4 正式立绘","占位"
"avatar.2.10","assets/characters/avatars/hero_2_10.svg","image","128","128","人物头像；方形安全区","占位"
"portrait.2.11","assets/characters/portraits/hero_2_11.svg","image","360","480","人物卡面；替换为 3:4 正式立绘","占位"
"avatar.2.11","assets/characters/avatars/hero_2_11.svg","image","128","128","人物头像；方形安全区","占位"
"portrait.2.12","assets/characters/portraits/hero_2_12.svg","image","360","480","人物卡面；替换为 3:4 正式立绘","占位"
"avatar.2.12","assets/characters/avatars/hero_2_12.svg","image","128","128","人物头像；方形安全区","占位"
"portrait.2.13","assets/characters/portraits/hero_2_13.svg","image","360","480","人物卡面；替换为 3:4 正式立绘","占位"
"avatar.2.13","assets/characters/avatars/hero_2_13.svg","image","128","128","人物头像；方形安全区","占位"
"portrait.2.14","assets/characters/portraits/hero_2_14.svg","image","360","480","人物卡面；替换为 3:4 正式立绘","占位"
"avatar.2.14","assets/characters/avatars/hero_2_14.svg","image","128","128","人物头像；方形安全区","占位"
"portrait.2.15","assets/characters/portraits/hero_2_15.svg","image","360","480","人物卡面；替换为 3:4 正式立绘","占位"
"avatar.2.15","assets/characters/avatars/hero_2_15.svg","image","128","128","人物头像；方形安全区","占位"
"portrait.2.16","assets/characters/portraits/hero_2_16.svg","image","360","480","人物卡面；替换为 3:4 正式立绘","占位"
"avatar.2.16","assets/characters/avatars/hero_2_16.svg","image","128","128","人物头像；方形安全区","占位"
"portrait.2.17","assets/characters/portraits/hero_2_17.svg","image","360","480","人物卡面；替换为 3:4 正式立绘","占位"
"avatar.2.17","assets/characters/avatars/hero_2_17.svg","image","128","128","人物头像；方形安全区","占位"
"portrait.2.18","assets/characters/portraits/hero_2_18.svg","image","360","480","人物卡面；替换为 3:4 正式立绘","占位"
"avatar.2.18","assets/characters/avatars/hero_2_18.svg","image","128","128","人物头像；方形安全区","占位"
"portrait.2.19","assets/characters/portraits/hero_2_19.svg","image","360","480","人物卡面；替换为 3:4 正式立绘","占位"
"avatar.2.19","assets/characters/avatars/hero_2_19.svg","image","128","128","人物头像；方形安全区","占位"
"portrait.2.20","assets/characters/portraits/hero_2_20.svg","image","360","480","人物卡面；替换为 3:4 正式立绘","占位"
"avatar.2.20","assets/characters/avatars/hero_2_20.svg","image","128","128","人物头像；方形安全区","占位"
"portrait.2.21","assets/characters/portraits/hero_2_21.svg","image","360","480","人物卡面；替换为 3:4 正式立绘","占位"
"avatar.2.21","assets/characters/avatars/hero_2_21.svg","image","128","128","人物头像；方形安全区","占位"
"portrait.2.22","assets/characters/portraits/hero_2_22.svg","image","360","480","人物卡面；替换为 3:4 正式立绘","占位"
"avatar.2.22","assets/characters/avatars/hero_2_22.svg","image","128","128","人物头像；方形安全区","占位"
"portrait.2.23","assets/characters/portraits/hero_2_23.svg","image","360","480","人物卡面；替换为 3:4 正式立绘","占位"
"avatar.2.23","assets/characters/avatars/hero_2_23.svg","image","128","128","人物头像；方形安全区","占位"
"portrait.2.24","assets/characters/portraits/hero_2_24.svg","image","360","480","人物卡面；替换为 3:4 正式立绘","占位"
"avatar.2.24","assets/characters/avatars/hero_2_24.svg","image","128","128","人物头像；方形安全区","占位"
"portrait.3.1","assets/characters/portraits/hero_3_01.svg","image","360","480","人物卡面；替换为 3:4 正式立绘","占位"
"avatar.3.1","assets/characters/avatars/hero_3_01.svg","image","128","128","人物头像；方形安全区","占位"
"portrait.3.2","assets/characters/portraits/hero_3_02.svg","image","360","480","人物卡面；替换为 3:4 正式立绘","占位"
"avatar.3.2","assets/characters/avatars/hero_3_02.svg","image","128","128","人物头像；方形安全区","占位"
"portrait.3.3","assets/characters/portraits/hero_3_03.svg","image","360","480","人物卡面；替换为 3:4 正式立绘","占位"
"avatar.3.3","assets/characters/avatars/hero_3_03.svg","image","128","128","人物头像；方形安全区","占位"
"portrait.3.4","assets/characters/portraits/hero_3_04.svg","image","360","480","人物卡面；替换为 3:4 正式立绘","占位"
"avatar.3.4","assets/characters/avatars/hero_3_04.svg","image","128","128","人物头像；方形安全区","占位"
"portrait.3.5","assets/characters/portraits/hero_3_05.svg","image","360","480","人物卡面；替换为 3:4 正式立绘","占位"
"avatar.3.5","assets/characters/avatars/hero_3_05.svg","image","128","128","人物头像；方形安全区","占位"
"portrait.3.6","assets/characters/portraits/hero_3_06.svg","image","360","480","人物卡面；替换为 3:4 正式立绘","占位"
"avatar.3.6","assets/characters/avatars/hero_3_06.svg","image","128","128","人物头像；方形安全区","占位"
"portrait.3.7","assets/characters/portraits/hero_3_07.svg","image","360","480","人物卡面；替换为 3:4 正式立绘","占位"
"avatar.3.7","assets/characters/avatars/hero_3_07.svg","image","128","128","人物头像；方形安全区","占位"
"portrait.3.8","assets/characters/portraits/hero_3_08.svg","image","360","480","人物卡面；替换为 3:4 正式立绘","占位"
"avatar.3.8","assets/characters/avatars/hero_3_08.svg","image","128","128","人物头像；方形安全区","占位"
"portrait.3.9","assets/characters/portraits/hero_3_09.svg","image","360","480","人物卡面；替换为 3:4 正式立绘","占位"
"avatar.3.9","assets/characters/avatars/hero_3_09.svg","image","128","128","人物头像；方形安全区","占位"
"portrait.3.10","assets/characters/portraits/hero_3_10.svg","image","360","480","人物卡面；替换为 3:4 正式立绘","占位"
"avatar.3.10","assets/characters/avatars/hero_3_10.svg","image","128","128","人物头像；方形安全区","占位"
"portrait.3.11","assets/characters/portraits/hero_3_11.svg","image","360","480","人物卡面；替换为 3:4 正式立绘","占位"
"avatar.3.11","assets/characters/avatars/hero_3_11.svg","image","128","128","人物头像；方形安全区","占位"
"portrait.3.12","assets/characters/portraits/hero_3_12.svg","image","360","480","人物卡面；替换为 3:4 正式立绘","占位"
"avatar.3.12","assets/characters/avatars/hero_3_12.svg","image","128","128","人物头像；方形安全区","占位"
"portrait.3.13","assets/characters/portraits/hero_3_13.svg","image","360","480","人物卡面；替换为 3:4 正式立绘","占位"
"avatar.3.13","assets/characters/avatars/hero_3_13.svg","image","128","128","人物头像；方形安全区","占位"
"portrait.3.14","assets/characters/portraits/hero_3_14.svg","image","360","480","人物卡面；替换为 3:4 正式立绘","占位"
"avatar.3.14","assets/characters/avatars/hero_3_14.svg","image","128","128","人物头像；方形安全区","占位"
"portrait.3.15","assets/characters/portraits/hero_3_15.svg","image","360","480","人物卡面；替换为 3:4 正式立绘","占位"
"avatar.3.15","assets/characters/avatars/hero_3_15.svg","image","128","128","人物头像；方形安全区","占位"
"portrait.3.16","assets/characters/portraits/hero_3_16.svg","image","360","480","人物卡面；替换为 3:4 正式立绘","占位"
"avatar.3.16","assets/characters/avatars/hero_3_16.svg","image","128","128","人物头像；方形安全区","占位"
"portrait.3.17","assets/characters/portraits/hero_3_17.svg","image","360","480","人物卡面；替换为 3:4 正式立绘","占位"
"avatar.3.17","assets/characters/avatars/hero_3_17.svg","image","128","128","人物头像；方形安全区","占位"
"portrait.3.18","assets/characters/portraits/hero_3_18.svg","image","360","480","人物卡面；替换为 3:4 正式立绘","占位"
"avatar.3.18","assets/characters/avatars/hero_3_18.svg","image","128","128","人物头像；方形安全区","占位"
"portrait.3.19","assets/characters/portraits/hero_3_19.svg","image","360","480","人物卡面；替换为 3:4 正式立绘","占位"
"avatar.3.19","assets/characters/avatars/hero_3_19.svg","image","128","128","人物头像；方形安全区","占位"
"portrait.3.20","assets/characters/portraits/hero_3_20.svg","image","360","480","人物卡面；替换为 3:4 正式立绘","占位"
"avatar.3.20","assets/characters/avatars/hero_3_20.svg","image","128","128","人物头像；方形安全区","占位"
"portrait.3.21","assets/characters/portraits/hero_3_21.svg","image","360","480","人物卡面；替换为 3:4 正式立绘","占位"
"avatar.3.21","assets/characters/avatars/hero_3_21.svg","image","128","128","人物头像；方形安全区","占位"
"portrait.3.22","assets/characters/portraits/hero_3_22.svg","image","360","480","人物卡面；替换为 3:4 正式立绘","占位"
"avatar.3.22","assets/characters/avatars/hero_3_22.svg","image","128","128","人物头像；方形安全区","占位"
"portrait.3.23","assets/characters/portraits/hero_3_23.svg","image","360","480","人物卡面；替换为 3:4 正式立绘","占位"
"avatar.3.23","assets/characters/avatars/hero_3_23.svg","image","128","128","人物头像；方形安全区","占位"
"portrait.3.24","assets/characters/portraits/hero_3_24.svg","image","360","480","人物卡面；替换为 3:4 正式立绘","占位"
"avatar.3.24","assets/characters/avatars/hero_3_24.svg","image","128","128","人物头像；方形安全区","占位"
"portrait.4.1","assets/characters/portraits/hero_4_01.svg","image","360","480","人物卡面；替换为 3:4 正式立绘","占位"
"avatar.4.1","assets/characters/avatars/hero_4_01.svg","image","128","128","人物头像；方形安全区","占位"
"portrait.4.2","assets/characters/portraits/hero_4_02.svg","image","360","480","人物卡面；替换为 3:4 正式立绘","占位"
"avatar.4.2","assets/characters/avatars/hero_4_02.svg","image","128","128","人物头像；方形安全区","占位"
"portrait.4.3","assets/characters/portraits/hero_4_03.svg","image","360","480","人物卡面；替换为 3:4 正式立绘","占位"
"avatar.4.3","assets/characters/avatars/hero_4_03.svg","image","128","128","人物头像；方形安全区","占位"
"portrait.4.4","assets/characters/portraits/hero_4_04.svg","image","360","480","人物卡面；替换为 3:4 正式立绘","占位"
"avatar.4.4","assets/characters/avatars/hero_4_04.svg","image","128","128","人物头像；方形安全区","占位"
"portrait.4.5","assets/characters/portraits/hero_4_05.svg","image","360","480","人物卡面；替换为 3:4 正式立绘","占位"
"avatar.4.5","assets/characters/avatars/hero_4_05.svg","image","128","128","人物头像；方形安全区","占位"
"portrait.4.6","assets/characters/portraits/hero_4_06.svg","image","360","480","人物卡面；替换为 3:4 正式立绘","占位"
"avatar.4.6","assets/characters/avatars/hero_4_06.svg","image","128","128","人物头像；方形安全区","占位"
"portrait.4.7","assets/characters/portraits/hero_4_07.svg","image","360","480","人物卡面；替换为 3:4 正式立绘","占位"
"avatar.4.7","assets/characters/avatars/hero_4_07.svg","image","128","128","人物头像；方形安全区","占位"
"portrait.4.8","assets/characters/portraits/hero_4_08.svg","image","360","480","人物卡面；替换为 3:4 正式立绘","占位"
"avatar.4.8","assets/characters/avatars/hero_4_08.svg","image","128","128","人物头像；方形安全区","占位"
"portrait.4.9","assets/characters/portraits/hero_4_09.svg","image","360","480","人物卡面；替换为 3:4 正式立绘","占位"
"avatar.4.9","assets/characters/avatars/hero_4_09.svg","image","128","128","人物头像；方形安全区","占位"
"portrait.4.10","assets/characters/portraits/hero_4_10.svg","image","360","480","人物卡面；替换为 3:4 正式立绘","占位"
"avatar.4.10","assets/characters/avatars/hero_4_10.svg","image","128","128","人物头像；方形安全区","占位"
"portrait.4.11","assets/characters/portraits/hero_4_11.svg","image","360","480","人物卡面；替换为 3:4 正式立绘","占位"
"avatar.4.11","assets/characters/avatars/hero_4_11.svg","image","128","128","人物头像；方形安全区","占位"
"portrait.4.12","assets/characters/portraits/hero_4_12.svg","image","360","480","人物卡面；替换为 3:4 正式立绘","占位"
"avatar.4.12","assets/characters/avatars/hero_4_12.svg","image","128","128","人物头像；方形安全区","占位"
"portrait.4.13","assets/characters/portraits/hero_4_13.svg","image","360","480","人物卡面；替换为 3:4 正式立绘","占位"
"avatar.4.13","assets/characters/avatars/hero_4_13.svg","image","128","128","人物头像；方形安全区","占位"
"portrait.4.14","assets/characters/portraits/hero_4_14.svg","image","360","480","人物卡面；替换为 3:4 正式立绘","占位"
"avatar.4.14","assets/characters/avatars/hero_4_14.svg","image","128","128","人物头像；方形安全区","占位"
"portrait.4.15","assets/characters/portraits/hero_4_15.svg","image","360","480","人物卡面；替换为 3:4 正式立绘","占位"
"avatar.4.15","assets/characters/avatars/hero_4_15.svg","image","128","128","人物头像；方形安全区","占位"
"portrait.4.16","assets/characters/portraits/hero_4_16.svg","image","360","480","人物卡面；替换为 3:4 正式立绘","占位"
"avatar.4.16","assets/characters/avatars/hero_4_16.svg","image","128","128","人物头像；方形安全区","占位"
"portrait.4.17","assets/characters/portraits/hero_4_17.svg","image","360","480","人物卡面；替换为 3:4 正式立绘","占位"
"avatar.4.17","assets/characters/avatars/hero_4_17.svg","image","128","128","人物头像；方形安全区","占位"
"portrait.4.18","assets/characters/portraits/hero_4_18.svg","image","360","480","人物卡面；替换为 3:4 正式立绘","占位"
"avatar.4.18","assets/characters/avatars/hero_4_18.svg","image","128","128","人物头像；方形安全区","占位"
"portrait.4.19","assets/characters/portraits/hero_4_19.svg","image","360","480","人物卡面；替换为 3:4 正式立绘","占位"
"avatar.4.19","assets/characters/avatars/hero_4_19.svg","image","128","128","人物头像；方形安全区","占位"
"portrait.4.20","assets/characters/portraits/hero_4_20.svg","image","360","480","人物卡面；替换为 3:4 正式立绘","占位"
"avatar.4.20","assets/characters/avatars/hero_4_20.svg","image","128","128","人物头像；方形安全区","占位"
"portrait.4.21","assets/characters/portraits/hero_4_21.svg","image","360","480","人物卡面；替换为 3:4 正式立绘","占位"
"avatar.4.21","assets/characters/avatars/hero_4_21.svg","image","128","128","人物头像；方形安全区","占位"
"portrait.4.22","assets/characters/portraits/hero_4_22.svg","image","360","480","人物卡面；替换为 3:4 正式立绘","占位"
"avatar.4.22","assets/characters/avatars/hero_4_22.svg","image","128","128","人物头像；方形安全区","占位"
"portrait.4.23","assets/characters/portraits/hero_4_23.svg","image","360","480","人物卡面；替换为 3:4 正式立绘","占位"
"avatar.4.23","assets/characters/avatars/hero_4_23.svg","image","128","128","人物头像；方形安全区","占位"
"portrait.4.24","assets/characters/portraits/hero_4_24.svg","image","360","480","人物卡面；替换为 3:4 正式立绘","占位"
"avatar.4.24","assets/characters/avatars/hero_4_24.svg","image","128","128","人物头像；方形安全区","占位"
"background.region.0","assets/backgrounds/regions/region_1.svg","image","1600","900","区域背景，可替换为 16:9 山水场景","占位"
"background.region.1","assets/backgrounds/regions/region_2.svg","image","1600","900","区域背景，可替换为 16:9 山水场景","占位"
"background.region.2","assets/backgrounds/regions/region_3.svg","image","1600","900","区域背景，可替换为 16:9 山水场景","占位"
"background.region.3","assets/backgrounds/regions/region_4.svg","image","1600","900","区域背景，可替换为 16:9 山水场景","占位"
"background.sanctum","assets/backgrounds/sanctum/sanctum.svg","image","1600","900","洞天总览背景","占位"
"building.summon","assets/buildings/summon.svg","image","320","240","固定地块建筑，透明底 4:3","占位"
"building.hall","assets/buildings/hall.svg","image","320","240","固定地块建筑，透明底 4:3","占位"
"building.training","assets/buildings/training.svg","image","320","240","固定地块建筑，透明底 4:3","占位"
"building.forge","assets/buildings/forge.svg","image","320","240","固定地块建筑，透明底 4:3","占位"
"building.farm","assets/buildings/farm.svg","image","320","240","固定地块建筑，透明底 4:3","占位"
"building.alchemy","assets/buildings/alchemy.svg","image","320","240","固定地块建筑，透明底 4:3","占位"
"building.library","assets/buildings/library.svg","image","320","240","固定地块建筑，透明底 4:3","占位"
"building.visit","assets/buildings/visit.svg","image","320","240","固定地块建筑，透明底 4:3","占位"
"building.star","assets/buildings/star.svg","image","320","240","固定地块建筑，透明底 4:3","占位"
"building.mine","assets/buildings/mine.svg","image","320","240","固定地块建筑，透明底 4:3","占位"
"building.formation","assets/buildings/formation.svg","image","320","240","固定地块建筑，透明底 4:3","占位"
"building.return","assets/buildings/return.svg","image","320","240","固定地块建筑，透明底 4:3","占位"
"icon.sect","assets/ui/icons/sect.svg","image","96","96","图标，保持 1:1 比例","占位"
"icon.battle","assets/ui/icons/battle.svg","image","96","96","图标，保持 1:1 比例","占位"
"icon.heroes","assets/ui/icons/heroes.svg","image","96","96","图标，保持 1:1 比例","占位"
"icon.summon","assets/ui/icons/summon.svg","image","96","96","图标，保持 1:1 比例","占位"
"icon.bag","assets/ui/icons/bag.svg","image","96","96","图标，保持 1:1 比例","占位"
"icon.story","assets/ui/icons/story.svg","image","96","96","图标，保持 1:1 比例","占位"
"icon.settings","assets/ui/icons/settings.svg","image","96","96","图标，保持 1:1 比例","占位"
"icon.ticket","assets/ui/icons/ticket.svg","image","96","96","图标，保持 1:1 比例","占位"
"icon.gold","assets/ui/icons/gold.svg","image","96","96","图标，保持 1:1 比例","占位"
"icon.ore","assets/ui/icons/ore.svg","image","96","96","图标，保持 1:1 比例","占位"
"icon.herb","assets/ui/icons/herb.svg","image","96","96","图标，保持 1:1 比例","占位"
"icon.xp","assets/ui/icons/xp.svg","image","96","96","图标，保持 1:1 比例","占位"
"icon.echo","assets/ui/icons/echo.svg","image","96","96","图标，保持 1:1 比例","占位"
"icon.weapon","assets/items/equipment/weapon.svg","image","96","96","图标，保持 1:1 比例","占位"
"icon.armor","assets/items/equipment/armor.svg","image","96","96","图标，保持 1:1 比例","占位"
"icon.feet","assets/items/equipment/feet.svg","image","96","96","图标，保持 1:1 比例","占位"
"icon.accessory","assets/items/equipment/accessory.svg","image","96","96","图标，保持 1:1 比例","占位"
"icon.guard","assets/ui/icons/guard.svg","image","96","96","图标，保持 1:1 比例","占位"
"icon.striker","assets/ui/icons/striker.svg","image","96","96","图标，保持 1:1 比例","占位"
"icon.archer","assets/ui/icons/archer.svg","image","96","96","图标，保持 1:1 比例","占位"
"icon.mage","assets/ui/icons/mage.svg","image","96","96","图标，保持 1:1 比例","占位"
"icon.healer","assets/ui/icons/healer.svg","image","96","96","图标，保持 1:1 比例","占位"
"icon.controller","assets/ui/icons/controller.svg","image","96","96","图标，保持 1:1 比例","占位"
"icon.lock","assets/ui/icons/lock.svg","image","96","96","图标，保持 1:1 比例","占位"
"icon.star","assets/ui/icons/star.svg","image","96","96","图标，保持 1:1 比例","占位"
"icon.victory","assets/ui/icons/victory.svg","image","96","96","图标，保持 1:1 比例","占位"
"icon.defeat","assets/ui/icons/defeat.svg","image","96","96","图标，保持 1:1 比例","占位"
"enemy.soldier","assets/enemies/soldier.svg","image","360","480","敌人立绘；Boss 独立入口","占位"
"enemy.rider","assets/enemies/rider.svg","image","360","480","敌人立绘；Boss 独立入口","占位"
"enemy.mage","assets/enemies/mage.svg","image","360","480","敌人立绘；Boss 独立入口","占位"
"enemy.boss","assets/enemies/boss.svg","image","360","480","敌人立绘；Boss 独立入口","占位"
"vfx.hit","assets/vfx/hit.svg","image","256","256","透明底特效占位","占位"
"vfx.heal","assets/vfx/heal.svg","image","256","256","透明底特效占位","占位"
"vfx.summon","assets/vfx/summon.svg","image","256","256","透明底特效占位","占位"
"vfx.shield","assets/vfx/shield.svg","image","256","256","透明底特效占位","占位"
"vfx.burn","assets/vfx/burn.svg","image","256","256","透明底特效占位","占位"
"audio.click","assets/audio/sfx/click.wav","audio","","","合成提示音；voice/ambient 静音占位。建议 WAV/OGG 替换","占位"
"audio.draw","assets/audio/sfx/draw.wav","audio","","","合成提示音；voice/ambient 静音占位。建议 WAV/OGG 替换","占位"
"audio.win","assets/audio/sfx/win.wav","audio","","","合成提示音；voice/ambient 静音占位。建议 WAV/OGG 替换","占位"
"audio.hit","assets/audio/sfx/hit.wav","audio","","","合成提示音；voice/ambient 静音占位。建议 WAV/OGG 替换","占位"
"audio.bgm","assets/audio/music/bgm.wav","audio","","","合成提示音；voice/ambient 静音占位。建议 WAV/OGG 替换","占位"
"audio.voice","assets/audio/voices/voice.wav","audio","","","合成提示音；voice/ambient 静音占位。建议 WAV/OGG 替换","占位"
"audio.ambient","assets/audio/ambience/ambient.wav","audio","","","合成提示音；voice/ambient 静音占位。建议 WAV/OGG 替换","占位"
"font.noto-serif-sc-24-400-normal.woff2","assets/fonts/noto-serif-sc-24-400-normal.woff2","font","","","Noto Serif SC 400, SIL OFL 1.1; see assets/fonts/OFL.txt","已授权字体"
"font.noto-serif-sc-26-400-normal.woff2","assets/fonts/noto-serif-sc-26-400-normal.woff2","font","","","Noto Serif SC 400, SIL OFL 1.1; see assets/fonts/OFL.txt","已授权字体"
"font.noto-serif-sc-27-400-normal.woff2","assets/fonts/noto-serif-sc-27-400-normal.woff2","font","","","Noto Serif SC 400, SIL OFL 1.1; see assets/fonts/OFL.txt","已授权字体"
"font.noto-serif-sc-32-400-normal.woff2","assets/fonts/noto-serif-sc-32-400-normal.woff2","font","","","Noto Serif SC 400, SIL OFL 1.1; see assets/fonts/OFL.txt","已授权字体"
"font.noto-serif-sc-33-400-normal.woff2","assets/fonts/noto-serif-sc-33-400-normal.woff2","font","","","Noto Serif SC 400, SIL OFL 1.1; see assets/fonts/OFL.txt","已授权字体"
"font.noto-serif-sc-35-400-normal.woff2","assets/fonts/noto-serif-sc-35-400-normal.woff2","font","","","Noto Serif SC 400, SIL OFL 1.1; see assets/fonts/OFL.txt","已授权字体"
"font.noto-serif-sc-39-400-normal.woff2","assets/fonts/noto-serif-sc-39-400-normal.woff2","font","","","Noto Serif SC 400, SIL OFL 1.1; see assets/fonts/OFL.txt","已授权字体"
"font.noto-serif-sc-41-400-normal.woff2","assets/fonts/noto-serif-sc-41-400-normal.woff2","font","","","Noto Serif SC 400, SIL OFL 1.1; see assets/fonts/OFL.txt","已授权字体"
"font.noto-serif-sc-43-400-normal.woff2","assets/fonts/noto-serif-sc-43-400-normal.woff2","font","","","Noto Serif SC 400, SIL OFL 1.1; see assets/fonts/OFL.txt","已授权字体"
"font.noto-serif-sc-44-400-normal.woff2","assets/fonts/noto-serif-sc-44-400-normal.woff2","font","","","Noto Serif SC 400, SIL OFL 1.1; see assets/fonts/OFL.txt","已授权字体"
"font.noto-serif-sc-47-400-normal.woff2","assets/fonts/noto-serif-sc-47-400-normal.woff2","font","","","Noto Serif SC 400, SIL OFL 1.1; see assets/fonts/OFL.txt","已授权字体"
"font.noto-serif-sc-48-400-normal.woff2","assets/fonts/noto-serif-sc-48-400-normal.woff2","font","","","Noto Serif SC 400, SIL OFL 1.1; see assets/fonts/OFL.txt","已授权字体"
"font.noto-serif-sc-54-400-normal.woff2","assets/fonts/noto-serif-sc-54-400-normal.woff2","font","","","Noto Serif SC 400, SIL OFL 1.1; see assets/fonts/OFL.txt","已授权字体"
"font.noto-serif-sc-55-400-normal.woff2","assets/fonts/noto-serif-sc-55-400-normal.woff2","font","","","Noto Serif SC 400, SIL OFL 1.1; see assets/fonts/OFL.txt","已授权字体"
"font.noto-serif-sc-58-400-normal.woff2","assets/fonts/noto-serif-sc-58-400-normal.woff2","font","","","Noto Serif SC 400, SIL OFL 1.1; see assets/fonts/OFL.txt","已授权字体"
"font.noto-serif-sc-59-400-normal.woff2","assets/fonts/noto-serif-sc-59-400-normal.woff2","font","","","Noto Serif SC 400, SIL OFL 1.1; see assets/fonts/OFL.txt","已授权字体"
"font.noto-serif-sc-63-400-normal.woff2","assets/fonts/noto-serif-sc-63-400-normal.woff2","font","","","Noto Serif SC 400, SIL OFL 1.1; see assets/fonts/OFL.txt","已授权字体"
"font.noto-serif-sc-65-400-normal.woff2","assets/fonts/noto-serif-sc-65-400-normal.woff2","font","","","Noto Serif SC 400, SIL OFL 1.1; see assets/fonts/OFL.txt","已授权字体"
"font.noto-serif-sc-66-400-normal.woff2","assets/fonts/noto-serif-sc-66-400-normal.woff2","font","","","Noto Serif SC 400, SIL OFL 1.1; see assets/fonts/OFL.txt","已授权字体"
"font.noto-serif-sc-70-400-normal.woff2","assets/fonts/noto-serif-sc-70-400-normal.woff2","font","","","Noto Serif SC 400, SIL OFL 1.1; see assets/fonts/OFL.txt","已授权字体"
"font.noto-serif-sc-73-400-normal.woff2","assets/fonts/noto-serif-sc-73-400-normal.woff2","font","","","Noto Serif SC 400, SIL OFL 1.1; see assets/fonts/OFL.txt","已授权字体"
"font.noto-serif-sc-74-400-normal.woff2","assets/fonts/noto-serif-sc-74-400-normal.woff2","font","","","Noto Serif SC 400, SIL OFL 1.1; see assets/fonts/OFL.txt","已授权字体"
"font.noto-serif-sc-77-400-normal.woff2","assets/fonts/noto-serif-sc-77-400-normal.woff2","font","","","Noto Serif SC 400, SIL OFL 1.1; see assets/fonts/OFL.txt","已授权字体"
"font.noto-serif-sc-80-400-normal.woff2","assets/fonts/noto-serif-sc-80-400-normal.woff2","font","","","Noto Serif SC 400, SIL OFL 1.1; see assets/fonts/OFL.txt","已授权字体"
"font.noto-serif-sc-81-400-normal.woff2","assets/fonts/noto-serif-sc-81-400-normal.woff2","font","","","Noto Serif SC 400, SIL OFL 1.1; see assets/fonts/OFL.txt","已授权字体"
"font.noto-serif-sc-82-400-normal.woff2","assets/fonts/noto-serif-sc-82-400-normal.woff2","font","","","Noto Serif SC 400, SIL OFL 1.1; see assets/fonts/OFL.txt","已授权字体"
"font.noto-serif-sc-83-400-normal.woff2","assets/fonts/noto-serif-sc-83-400-normal.woff2","font","","","Noto Serif SC 400, SIL OFL 1.1; see assets/fonts/OFL.txt","已授权字体"
"font.noto-serif-sc-84-400-normal.woff2","assets/fonts/noto-serif-sc-84-400-normal.woff2","font","","","Noto Serif SC 400, SIL OFL 1.1; see assets/fonts/OFL.txt","已授权字体"
"font.noto-serif-sc-85-400-normal.woff2","assets/fonts/noto-serif-sc-85-400-normal.woff2","font","","","Noto Serif SC 400, SIL OFL 1.1; see assets/fonts/OFL.txt","已授权字体"
"font.noto-serif-sc-87-400-normal.woff2","assets/fonts/noto-serif-sc-87-400-normal.woff2","font","","","Noto Serif SC 400, SIL OFL 1.1; see assets/fonts/OFL.txt","已授权字体"
"font.noto-serif-sc-88-400-normal.woff2","assets/fonts/noto-serif-sc-88-400-normal.woff2","font","","","Noto Serif SC 400, SIL OFL 1.1; see assets/fonts/OFL.txt","已授权字体"
"font.noto-serif-sc-90-400-normal.woff2","assets/fonts/noto-serif-sc-90-400-normal.woff2","font","","","Noto Serif SC 400, SIL OFL 1.1; see assets/fonts/OFL.txt","已授权字体"
"font.noto-serif-sc-100-400-normal.woff2","assets/fonts/noto-serif-sc-100-400-normal.woff2","font","","","Noto Serif SC 400, SIL OFL 1.1; see assets/fonts/OFL.txt","已授权字体"
"font.noto-serif-sc-101-400-normal.woff2","assets/fonts/noto-serif-sc-101-400-normal.woff2","font","","","Noto Serif SC 400, SIL OFL 1.1; see assets/fonts/OFL.txt","已授权字体"
"font.noto-serif-sc-102-400-normal.woff2","assets/fonts/noto-serif-sc-102-400-normal.woff2","font","","","Noto Serif SC 400, SIL OFL 1.1; see assets/fonts/OFL.txt","已授权字体"
"font.noto-serif-sc-103-400-normal.woff2","assets/fonts/noto-serif-sc-103-400-normal.woff2","font","","","Noto Serif SC 400, SIL OFL 1.1; see assets/fonts/OFL.txt","已授权字体"
"font.noto-serif-sc-104-400-normal.woff2","assets/fonts/noto-serif-sc-104-400-normal.woff2","font","","","Noto Serif SC 400, SIL OFL 1.1; see assets/fonts/OFL.txt","已授权字体"
"font.noto-serif-sc-105-400-normal.woff2","assets/fonts/noto-serif-sc-105-400-normal.woff2","font","","","Noto Serif SC 400, SIL OFL 1.1; see assets/fonts/OFL.txt","已授权字体"
"font.noto-serif-sc-106-400-normal.woff2","assets/fonts/noto-serif-sc-106-400-normal.woff2","font","","","Noto Serif SC 400, SIL OFL 1.1; see assets/fonts/OFL.txt","已授权字体"
"font.noto-serif-sc-107-400-normal.woff2","assets/fonts/noto-serif-sc-107-400-normal.woff2","font","","","Noto Serif SC 400, SIL OFL 1.1; see assets/fonts/OFL.txt","已授权字体"
"font.noto-serif-sc-108-400-normal.woff2","assets/fonts/noto-serif-sc-108-400-normal.woff2","font","","","Noto Serif SC 400, SIL OFL 1.1; see assets/fonts/OFL.txt","已授权字体"
"font.noto-serif-sc-109-400-normal.woff2","assets/fonts/noto-serif-sc-109-400-normal.woff2","font","","","Noto Serif SC 400, SIL OFL 1.1; see assets/fonts/OFL.txt","已授权字体"
"font.noto-serif-sc-110-400-normal.woff2","assets/fonts/noto-serif-sc-110-400-normal.woff2","font","","","Noto Serif SC 400, SIL OFL 1.1; see assets/fonts/OFL.txt","已授权字体"
"font.noto-serif-sc-111-400-normal.woff2","assets/fonts/noto-serif-sc-111-400-normal.woff2","font","","","Noto Serif SC 400, SIL OFL 1.1; see assets/fonts/OFL.txt","已授权字体"
"font.noto-serif-sc-112-400-normal.woff2","assets/fonts/noto-serif-sc-112-400-normal.woff2","font","","","Noto Serif SC 400, SIL OFL 1.1; see assets/fonts/OFL.txt","已授权字体"
"font.noto-serif-sc-113-400-normal.woff2","assets/fonts/noto-serif-sc-113-400-normal.woff2","font","","","Noto Serif SC 400, SIL OFL 1.1; see assets/fonts/OFL.txt","已授权字体"
"font.noto-serif-sc-114-400-normal.woff2","assets/fonts/noto-serif-sc-114-400-normal.woff2","font","","","Noto Serif SC 400, SIL OFL 1.1; see assets/fonts/OFL.txt","已授权字体"
"font.noto-serif-sc-115-400-normal.woff2","assets/fonts/noto-serif-sc-115-400-normal.woff2","font","","","Noto Serif SC 400, SIL OFL 1.1; see assets/fonts/OFL.txt","已授权字体"
"font.noto-serif-sc-116-400-normal.woff2","assets/fonts/noto-serif-sc-116-400-normal.woff2","font","","","Noto Serif SC 400, SIL OFL 1.1; see assets/fonts/OFL.txt","已授权字体"
"font.noto-serif-sc-117-400-normal.woff2","assets/fonts/noto-serif-sc-117-400-normal.woff2","font","","","Noto Serif SC 400, SIL OFL 1.1; see assets/fonts/OFL.txt","已授权字体"
"font.noto-serif-sc-118-400-normal.woff2","assets/fonts/noto-serif-sc-118-400-normal.woff2","font","","","Noto Serif SC 400, SIL OFL 1.1; see assets/fonts/OFL.txt","已授权字体"
"font.noto-serif-sc-119-400-normal.woff2","assets/fonts/noto-serif-sc-119-400-normal.woff2","font","","","Noto Serif SC 400, SIL OFL 1.1; see assets/fonts/OFL.txt","已授权字体"
"font.noto-serif-sc-latin-400-normal.woff2","assets/fonts/noto-serif-sc-latin-400-normal.woff2","font","","","Noto Serif SC 400, SIL OFL 1.1; see assets/fonts/OFL.txt","已授权字体"